district_id,month,age_group,address_updates,mobile_updates,total_aadhaar
GJ_AMD,2024-01,0-17,363,310,48482
GJ_AMD,2024-01,18-25,1762,1504,35270
GJ_AMD,2024-01,26-35,2082,1778,46305
GJ_AMD,2024-01,36-60,1295,1105,51812
GJ_AMD,2024-01,60+,200,170,20159
GJ_AMD,2024-02,0-17,580,466,48482
GJ_AMD,2024-02,18-25,2817,2264,35270
GJ_AMD,2024-02,26-35,3330,2676,46305
GJ_AMD,2024-02,36-60,2070,1663,51812
GJ_AMD,2024-02,60+,322,258,20159
GJ_AMD,2024-03,0-17,474,350,48482
GJ_AMD,2024-03,18-25,2298,1700,35270
GJ_AMD,2024-03,26-35,2716,2009,46305
GJ_AMD,2024-03,36-60,1689,1249,51812
GJ_AMD,2024-03,60+,262,193,20159
GJ_AMD,2024-04,0-17,420,362,48482
GJ_AMD,2024-04,18-25,2039,1761,35270
GJ_AMD,2024-04,26-35,2409,2080,46305
GJ_AMD,2024-04,36-60,1498,1293,51812
GJ_AMD,2024-04,60+,233,201,20159
GJ_AMD,2024-05,0-17,763,671,48482
GJ_AMD,2024-05,18-25,3705,3261,35270
GJ_AMD,2024-05,26-35,4376,3852,46305
GJ_AMD,2024-05,36-60,2721,2395,51812
GJ_AMD,2024-05,60+,422,371,20159
GJ_AMD,2024-06,0-17,667,575,48482
GJ_AMD,2024-06,18-25,3242,2799,35270
GJ_AMD,2024-06,26-35,3831,3307,46305
GJ_AMD,2024-06,36-60,2381,2055,51812
GJ_AMD,2024-06,60+,369,318,20159
GJ_AMD,2024-07,0-17,448,331,48482
GJ_AMD,2024-07,18-25,2179,1610,35270
GJ_AMD,2024-07,26-35,2575,1903,46305
GJ_AMD,2024-07,36-60,1601,1183,51812
GJ_AMD,2024-07,60+,248,183,20159
GJ_AMD,2024-08,0-17,589,514,48482
GJ_AMD,2024-08,18-25,2856,2496,35270
GJ_AMD,2024-08,26-35,3374,2948,46305
GJ_AMD,2024-08,36-60,2097,1832,51812
GJ_AMD,2024-08,60+,325,284,20159
GJ_AMD,2024-09,0-17,687,530,48482
GJ_AMD,2024-09,18-25,3334,2575,35270
GJ_AMD,2024-09,26-35,3940,3043,46305
GJ_AMD,2024-09,36-60,2449,1891,51812
GJ_AMD,2024-09,60+,381,294,20159
GJ_AMD,2024-10,0-17,349,297,48482
GJ_AMD,2024-10,18-25,1696,1447,35270
GJ_AMD,2024-10,26-35,2003,1709,46305
GJ_AMD,2024-10,36-60,1246,1063,51812
GJ_AMD,2024-10,60+,193,164,20159
GJ_AMD,2024-11,0-17,473,418,48482
GJ_AMD,2024-11,18-25,2294,2029,35270
GJ_AMD,2024-11,26-35,2710,2397,46305
GJ_AMD,2024-11,36-60,1685,1490,51812
GJ_AMD,2024-11,60+,262,231,20159
GJ_AMD,2024-12,0-17,460,327,48482
GJ_AMD,2024-12,18-25,2237,1592,35270
GJ_AMD,2024-12,26-35,2643,1881,46305
GJ_AMD,2024-12,36-60,1643,1169,51812
GJ_AMD,2024-12,60+,255,181,20159
GJ_RJK,2024-01,0-17,57,27,17893
GJ_RJK,2024-01,18-25,296,144,13874
GJ_RJK,2024-01,26-35,318,154,16515
GJ_RJK,2024-01,36-60,201,97,18823
GJ_RJK,2024-01,60+,31,15,7447
GJ_RJK,2024-02,0-17,55,21,17893
GJ_RJK,2024-02,18-25,286,109,13874
GJ_RJK,2024-02,26-35,306,117,16515
GJ_RJK,2024-02,36-60,194,74,18823
GJ_RJK,2024-02,60+,30,11,7447
GJ_RJK,2024-03,0-17,33,10,17893
GJ_RJK,2024-03,18-25,174,57,13874
GJ_RJK,2024-03,26-35,187,62,16515
GJ_RJK,2024-03,36-60,119,39,18823
GJ_RJK,2024-03,60+,18,5,7447
GJ_RJK,2024-04,0-17,41,15,17893
GJ_RJK,2024-04,18-25,214,81,13874
GJ_RJK,2024-04,26-35,228,86,16515
GJ_RJK,2024-04,36-60,145,55,18823
GJ_RJK,2024-04,60+,22,8,7447
GJ_RJK,2024-05,0-17,41,13,17893
GJ_RJK,2024-05,18-25,212,71,13874
GJ_RJK,2024-05,26-35,228,77,16515
GJ_RJK,2024-05,36-60,144,48,18823
GJ_RJK,2024-05,60+,22,7,7447
GJ_RJK,2024-06,0-17,76,36,17893
GJ_RJK,2024-06,18-25,396,191,13874
GJ_RJK,2024-06,26-35,423,204,16515
GJ_RJK,2024-06,36-60,268,129,18823
GJ_RJK,2024-06,60+,42,20,7447
GJ_RJK,2024-07,0-17,50,22,17893
GJ_RJK,2024-07,18-25,262,119,13874
GJ_RJK,2024-07,26-35,280,127,16515
GJ_RJK,2024-07,36-60,178,80,18823
GJ_RJK,2024-07,60+,28,12,7447
GJ_RJK,2024-08,0-17,31,14,17893
GJ_RJK,2024-08,18-25,162,73,13874
GJ_RJK,2024-08,26-35,172,78,16515
GJ_RJK,2024-08,36-60,110,50,18823
GJ_RJK,2024-08,60+,17,7,7447
GJ_RJK,2024-09,0-17,67,23,17893
GJ_RJK,2024-09,18-25,350,122,13874
GJ_RJK,2024-09,26-35,374,131,16515
GJ_RJK,2024-09,36-60,237,83,18823
GJ_RJK,2024-09,60+,37,12,7447
GJ_RJK,2024-10,0-17,31,9,17893
GJ_RJK,2024-10,18-25,162,50,13874
GJ_RJK,2024-10,26-35,174,54,16515
GJ_RJK,2024-10,36-60,111,34,18823
GJ_RJK,2024-10,60+,17,5,7447
GJ_RJK,2024-11,0-17,32,12,17893
GJ_RJK,2024-11,18-25,166,64,13874
GJ_RJK,2024-11,26-35,178,68,16515
GJ_RJK,2024-11,36-60,113,43,18823
GJ_RJK,2024-11,60+,17,6,7447
GJ_RJK,2024-12,0-17,50,18,17893
GJ_RJK,2024-12,18-25,260,95,13874
GJ_RJK,2024-12,26-35,279,102,16515
GJ_RJK,2024-12,36-60,177,64,18823
GJ_RJK,2024-12,60+,28,10,7447
GJ_SRT,2024-01,0-17,294,171,29383
GJ_SRT,2024-01,18-25,1338,781,20040
GJ_SRT,2024-01,26-35,1443,842,23998
GJ_SRT,2024-01,36-60,966,563,28933
GJ_SRT,2024-01,60+,154,89,11550
GJ_SRT,2024-02,0-17,225,117,29383
GJ_SRT,2024-02,18-25,1030,539,20040
GJ_SRT,2024-02,26-35,1108,580,23998
GJ_SRT,2024-02,36-60,743,389,28933
GJ_SRT,2024-02,60+,118,61,11550
GJ_SRT,2024-03,0-17,297,176,29383
GJ_SRT,2024-03,18-25,1351,800,20040
GJ_SRT,2024-03,26-35,1456,862,23998
GJ_SRT,2024-03,36-60,976,578,28933
GJ_SRT,2024-03,60+,154,91,11550
GJ_SRT,2024-04,0-17,191,110,29383
GJ_SRT,2024-04,18-25,871,505,20040
GJ_SRT,2024-04,26-35,939,544,23998
GJ_SRT,2024-04,36-60,629,364,28933
GJ_SRT,2024-04,60+,100,58,11550
GJ_SRT,2024-05,0-17,275,169,29383
GJ_SRT,2024-05,18-25,1253,773,20040
GJ_SRT,2024-05,26-35,1350,833,23998
GJ_SRT,2024-05,36-60,904,558,28933
GJ_SRT,2024-05,60+,144,88,11550
GJ_SRT,2024-06,0-17,281,185,29383
GJ_SRT,2024-06,18-25,1282,846,20040
GJ_SRT,2024-06,26-35,1383,913,23998
GJ_SRT,2024-06,36-60,926,611,28933
GJ_SRT,2024-06,60+,147,97,11550
GJ_SRT,2024-07,0-17,185,124,29383
GJ_SRT,2024-07,18-25,843,566,20040
GJ_SRT,2024-07,26-35,906,608,23998
GJ_SRT,2024-07,36-60,607,407,28933
GJ_SRT,2024-07,60+,96,64,11550
GJ_SRT,2024-08,0-17,286,189,29383
GJ_SRT,2024-08,18-25,1306,865,20040
GJ_SRT,2024-08,26-35,1406,932,23998
GJ_SRT,2024-08,36-60,943,625,28933
GJ_SRT,2024-08,60+,150,99,11550
GJ_SRT,2024-09,0-17,253,171,29383
GJ_SRT,2024-09,18-25,1155,784,20040
GJ_SRT,2024-09,26-35,1243,843,23998
GJ_SRT,2024-09,36-60,834,566,28933
GJ_SRT,2024-09,60+,133,90,11550
GJ_SRT,2024-10,0-17,245,149,29383
GJ_SRT,2024-10,18-25,1116,679,20040
GJ_SRT,2024-10,26-35,1204,733,23998
GJ_SRT,2024-10,36-60,806,490,28933
GJ_SRT,2024-10,60+,127,77,11550
GJ_SRT,2024-11,0-17,323,204,29383
GJ_SRT,2024-11,18-25,1478,937,20040
GJ_SRT,2024-11,26-35,1591,1009,23998
GJ_SRT,2024-11,36-60,1067,677,28933
GJ_SRT,2024-11,60+,169,107,11550
GJ_SRT,2024-12,0-17,279,186,29383
GJ_SRT,2024-12,18-25,1276,851,20040
GJ_SRT,2024-12,26-35,1374,917,23998
GJ_SRT,2024-12,36-60,921,614,28933
GJ_SRT,2024-12,60+,146,97,11550
KA_BNG,2024-01,0-17,479,381,49763
KA_BNG,2024-01,18-25,2157,1719,33592
KA_BNG,2024-01,26-35,2383,1900,41228
KA_BNG,2024-01,36-60,1609,1283,50103
KA_BNG,2024-01,60+,241,192,18779
KA_BNG,2024-02,0-17,475,385,49763
KA_BNG,2024-02,18-25,2143,1741,33592
KA_BNG,2024-02,26-35,2368,1924,41228
KA_BNG,2024-02,36-60,1598,1298,50103
KA_BNG,2024-02,60+,239,194,18779
KA_BNG,2024-03,0-17,394,277,49763
KA_BNG,2024-03,18-25,1776,1249,33592
KA_BNG,2024-03,26-35,1962,1380,41228
KA_BNG,2024-03,36-60,1325,932,50103
KA_BNG,2024-03,60+,198,139,18779
KA_BNG,2024-04,0-17,634,501,49763
KA_BNG,2024-04,18-25,2856,2257,33592
KA_BNG,2024-04,26-35,3154,2493,41228
KA_BNG,2024-04,36-60,2130,1683,50103
KA_BNG,2024-04,60+,319,252,18779
KA_BNG,2024-05,0-17,798,664,49763
KA_BNG,2024-05,18-25,3596,2994,33592
KA_BNG,2024-05,26-35,3971,3307,41228
KA_BNG,2024-05,36-60,2681,2232,50103
KA_BNG,2024-05,60+,402,334,18779
KA_BNG,2024-06,0-17,646,558,49763
KA_BNG,2024-06,18-25,2915,2520,33592
KA_BNG,2024-06,26-35,3218,2782,41228
KA_BNG,2024-06,36-60,2173,1878,50103
KA_BNG,2024-06,60+,325,280,18779
KA_BNG,2024-07,0-17,747,548,49763
KA_BNG,2024-07,18-25,3368,2473,33592
KA_BNG,2024-07,26-35,3719,2731,41228
KA_BNG,2024-07,36-60,2512,1844,50103
KA_BNG,2024-07,60+,375,275,18779
KA_BNG,2024-08,0-17,628,551,49763
KA_BNG,2024-08,18-25,2832,2487,33592
KA_BNG,2024-08,26-35,3129,2747,41228
KA_BNG,2024-08,36-60,2112,1854,50103
KA_BNG,2024-08,60+,316,277,18779
KA_BNG,2024-09,0-17,452,394,49763
KA_BNG,2024-09,18-25,2036,1777,33592
KA_BNG,2024-09,26-35,2250,1964,41228
KA_BNG,2024-09,36-60,1519,1326,50103
KA_BNG,2024-09,60+,227,198,18779
KA_BNG,2024-10,0-17,558,438,49763
KA_BNG,2024-10,18-25,2517,1978,33592
KA_BNG,2024-10,26-35,2779,2184,41228
KA_BNG,2024-10,36-60,1877,1475,50103
KA_BNG,2024-10,60+,281,220,18779
KA_BNG,2024-11,0-17,643,569,49763
KA_BNG,2024-11,18-25,2897,2566,33592
KA_BNG,2024-11,26-35,3198,2833,41228
KA_BNG,2024-11,36-60,2161,1914,50103
KA_BNG,2024-11,60+,323,286,18779
KA_BNG,2024-12,0-17,442,373,49763
KA_BNG,2024-12,18-25,1992,1684,33592
KA_BNG,2024-12,26-35,2201,1860,41228
KA_BNG,2024-12,36-60,1486,1256,50103
KA_BNG,2024-12,60+,222,187,18779
KA_HUB,2024-01,0-17,28,10,15032
KA_HUB,2024-01,18-25,136,52,10834
KA_HUB,2024-01,26-35,147,56,13123
KA_HUB,2024-01,36-60,94,36,15017
KA_HUB,2024-01,60+,14,5,5737
KA_HUB,2024-02,0-17,48,21,15032
KA_HUB,2024-02,18-25,234,105,10834
KA_HUB,2024-02,26-35,253,114,13123
KA_HUB,2024-02,36-60,162,73,15017
KA_HUB,2024-02,60+,24,10,5737
KA_HUB,2024-03,0-17,63,29,15032
KA_HUB,2024-03,18-25,302,139,10834
KA_HUB,2024-03,26-35,329,152,13123
KA_HUB,2024-03,36-60,210,97,15017
KA_HUB,2024-03,60+,32,14,5737
KA_HUB,2024-04,0-17,35,15,15032
KA_HUB,2024-04,18-25,170,73,10834
KA_HUB,2024-04,26-35,185,80,13123
KA_HUB,2024-04,36-60,118,51,15017
KA_HUB,2024-04,60+,18,7,5737
KA_HUB,2024-05,0-17,46,18,15032
KA_HUB,2024-05,18-25,224,91,10834
KA_HUB,2024-05,26-35,243,99,13123
KA_HUB,2024-05,36-60,155,63,15017
KA_HUB,2024-05,60+,23,9,5737
KA_HUB,2024-06,0-17,30,9,15032
KA_HUB,2024-06,18-25,146,48,10834
KA_HUB,2024-06,26-35,158,52,13123
KA_HUB,2024-06,36-60,101,33,15017
KA_HUB,2024-06,60+,15,4,5737
KA_HUB,2024-07,0-17,29,13,15032
KA_HUB,2024-07,18-25,140,66,10834
KA_HUB,2024-07,26-35,153,72,13123
KA_HUB,2024-07,36-60,98,46,15017
KA_HUB,2024-07,60+,14,6,5737
KA_HUB,2024-08,0-17,53,23,15032
KA_HUB,2024-08,18-25,258,112,10834
KA_HUB,2024-08,26-35,280,122,13123
KA_HUB,2024-08,36-60,179,78,15017
KA_HUB,2024-08,60+,27,11,5737
KA_HUB,2024-09,0-17,54,21,15032
KA_HUB,2024-09,18-25,264,107,10834
KA_HUB,2024-09,26-35,286,116,13123
KA_HUB,2024-09,36-60,183,74,15017
KA_HUB,2024-09,60+,27,10,5737
KA_HUB,2024-10,0-17,51,18,15032
KA_HUB,2024-10,18-25,246,90,10834
KA_HUB,2024-10,26-35,268,98,13123
KA_HUB,2024-10,36-60,170,62,15017
KA_HUB,2024-10,60+,26,9,5737
KA_HUB,2024-11,0-17,34,16,15032
KA_HUB,2024-11,18-25,166,80,10834
KA_HUB,2024-11,26-35,180,87,13123
KA_HUB,2024-11,36-60,115,55,15017
KA_HUB,2024-11,60+,17,8,5737
KA_HUB,2024-12,0-17,25,7,15032
KA_HUB,2024-12,18-25,124,38,10834
KA_HUB,2024-12,26-35,135,42,13123
KA_HUB,2024-12,36-60,86,26,15017
KA_HUB,2024-12,60+,13,4,5737
KA_MYS,2024-01,0-17,169,113,33199
KA_MYS,2024-01,18-25,846,567,24883
KA_MYS,2024-01,26-35,919,616,30106
KA_MYS,2024-01,36-60,616,413,36236
KA_MYS,2024-01,60+,91,61,13517
KA_MYS,2024-02,0-17,342,216,33199
KA_MYS,2024-02,18-25,1713,1083,24883
KA_MYS,2024-02,26-35,1864,1179,30106
KA_MYS,2024-02,36-60,1247,788,36236
KA_MYS,2024-02,60+,185,117,13517
KA_MYS,2024-03,0-17,236,128,33199
KA_MYS,2024-03,18-25,1183,644,24883
KA_MYS,2024-03,26-35,1288,701,30106
KA_MYS,2024-03,36-60,862,469,36236
KA_MYS,2024-03,60+,128,69,13517
KA_MYS,2024-04,0-17,256,166,33199
KA_MYS,2024-04,18-25,1287,837,24883
KA_MYS,2024-04,26-35,1401,911,30106
KA_MYS,2024-04,36-60,937,609,36236
KA_MYS,2024-04,60+,139,90,13517
KA_MYS,2024-05,0-17,240,130,33199
KA_MYS,2024-05,18-25,1206,656,24883
KA_MYS,2024-05,26-35,1314,715,30106
KA_MYS,2024-05,36-60,879,478,36236
KA_MYS,2024-05,60+,130,70,13517
KA_MYS,2024-06,0-17,329,212,33199
KA_MYS,2024-06,18-25,1648,1062,24883
KA_MYS,2024-06,26-35,1794,1156,30106
KA_MYS,2024-06,36-60,1199,773,36236
KA_MYS,2024-06,60+,178,114,13517
KA_MYS,2024-07,0-17,343,216,33199
KA_MYS,2024-07,18-25,1719,1085,24883
KA_MYS,2024-07,26-35,1871,1180,30106
KA_MYS,2024-07,36-60,1252,790,36236
KA_MYS,2024-07,60+,186,117,13517
KA_MYS,2024-08,0-17,277,174,33199
KA_MYS,2024-08,18-25,1394,879,24883
KA_MYS,2024-08,26-35,1517,956,30106
KA_MYS,2024-08,36-60,1015,640,36236
KA_MYS,2024-08,60+,151,95,13517
KA_MYS,2024-09,0-17,296,189,33199
KA_MYS,2024-09,18-25,1484,950,24883
KA_MYS,2024-09,26-35,1616,1035,30106
KA_MYS,2024-09,36-60,1081,692,36236
KA_MYS,2024-09,60+,160,102,13517
KA_MYS,2024-10,0-17,199,110,33199
KA_MYS,2024-10,18-25,999,554,24883
KA_MYS,2024-10,26-35,1089,604,30106
KA_MYS,2024-10,36-60,728,403,36236
KA_MYS,2024-10,60+,108,59,13517
KA_MYS,2024-11,0-17,438,302,33199
KA_MYS,2024-11,18-25,2190,1510,24883
KA_MYS,2024-11,26-35,2384,1644,30106
KA_MYS,2024-11,36-60,1595,1099,36236
KA_MYS,2024-11,60+,236,162,13517
KA_MYS,2024-12,0-17,472,323,33199
KA_MYS,2024-12,18-25,2361,1616,24883
KA_MYS,2024-12,26-35,2570,1759,30106
KA_MYS,2024-12,36-60,1719,1176,36236
KA_MYS,2024-12,60+,256,175,13517
MH_MUM,2024-01,0-17,369,262,52281
MH_MUM,2024-01,18-25,1885,1339,39938
MH_MUM,2024-01,26-35,2133,1515,50216
MH_MUM,2024-01,36-60,1282,910,54315
MH_MUM,2024-01,60+,204,144,21726
MH_MUM,2024-02,0-17,532,455,52281
MH_MUM,2024-02,18-25,2717,2324,39938
MH_MUM,2024-02,26-35,3074,2629,50216
MH_MUM,2024-02,36-60,1847,1579,54315
MH_MUM,2024-02,60+,295,252,21726
MH_MUM,2024-03,0-17,461,328,52281
MH_MUM,2024-03,18-25,2352,1674,39938
MH_MUM,2024-03,26-35,2660,1893,50216
MH_MUM,2024-03,36-60,1599,1138,54315
MH_MUM,2024-03,60+,255,181,21726
MH_MUM,2024-04,0-17,677,516,52281
MH_MUM,2024-04,18-25,3448,2628,39938
MH_MUM,2024-04,26-35,3902,2974,50216
MH_MUM,2024-04,36-60,2344,1787,54315
MH_MUM,2024-04,60+,374,285,21726
MH_MUM,2024-05,0-17,808,657,52281
MH_MUM,2024-05,18-25,4118,3349,39938
MH_MUM,2024-05,26-35,4658,3788,50216
MH_MUM,2024-05,36-60,2800,2277,54315
MH_MUM,2024-05,60+,447,363,21726
MH_MUM,2024-06,0-17,700,502,52281
MH_MUM,2024-06,18-25,3570,2564,39938
MH_MUM,2024-06,26-35,4040,2902,50216
MH_MUM,2024-06,36-60,2427,1743,54315
MH_MUM,2024-06,60+,388,278,21726
MH_MUM,2024-07,0-17,572,446,52281
MH_MUM,2024-07,18-25,2916,2274,39938
MH_MUM,2024-07,26-35,3301,2574,50216
MH_MUM,2024-07,36-60,1984,1547,54315
MH_MUM,2024-07,60+,317,247,21726
MH_MUM,2024-08,0-17,609,464,52281
MH_MUM,2024-08,18-25,3103,2368,39938
MH_MUM,2024-08,26-35,3513,2681,50216
MH_MUM,2024-08,36-60,2111,1611,54315
MH_MUM,2024-08,60+,337,257,21726
MH_MUM,2024-09,0-17,613,540,52281
MH_MUM,2024-09,18-25,3126,2756,39938
MH_MUM,2024-09,26-35,3537,3118,50216
MH_MUM,2024-09,36-60,2126,1874,54315
MH_MUM,2024-09,60+,340,299,21726
MH_MUM,2024-10,0-17,434,325,52281
MH_MUM,2024-10,18-25,2213,1657,39938
MH_MUM,2024-10,26-35,2505,1876,50216
MH_MUM,2024-10,36-60,1504,1126,54315
MH_MUM,2024-10,60+,240,179,21726
MH_MUM,2024-11,0-17,679,606,52281
MH_MUM,2024-11,18-25,3465,3094,39938
MH_MUM,2024-11,26-35,3921,3502,50216
MH_MUM,2024-11,36-60,2355,2103,54315
MH_MUM,2024-11,60+,376,335,21726
MH_MUM,2024-12,0-17,540,459,52281
MH_MUM,2024-12,18-25,2752,2340,39938
MH_MUM,2024-12,26-35,3114,2648,50216
MH_MUM,2024-12,36-60,1872,1591,54315
MH_MUM,2024-12,60+,298,253,21726
MH_NGP,2024-01,0-17,238,147,30272
MH_NGP,2024-01,18-25,1126,697,21398
MH_NGP,2024-01,26-35,1240,768,26208
MH_NGP,2024-01,36-60,785,486,29843
MH_NGP,2024-01,60+,132,81,12635
MH_NGP,2024-02,0-17,184,113,30272
MH_NGP,2024-02,18-25,871,539,21398
MH_NGP,2024-02,26-35,959,593,26208
MH_NGP,2024-02,36-60,607,375,29843
MH_NGP,2024-02,60+,101,62,12635
MH_NGP,2024-03,0-17,222,111,30272
MH_NGP,2024-03,18-25,1052,528,21398
MH_NGP,2024-03,26-35,1160,582,26208
MH_NGP,2024-03,36-60,734,368,29843
MH_NGP,2024-03,60+,124,62,12635
MH_NGP,2024-04,0-17,284,191,30272
MH_NGP,2024-04,18-25,1339,901,21398
MH_NGP,2024-04,26-35,1476,993,26208
MH_NGP,2024-04,36-60,934,628,29843
MH_NGP,2024-04,60+,157,105,12635
MH_NGP,2024-05,0-17,302,166,30272
MH_NGP,2024-05,18-25,1429,789,21398
MH_NGP,2024-05,26-35,1575,870,26208
MH_NGP,2024-05,36-60,997,550,29843
MH_NGP,2024-05,60+,168,92,12635
MH_NGP,2024-06,0-17,197,128,30272
MH_NGP,2024-06,18-25,929,608,21398
MH_NGP,2024-06,26-35,1023,669,26208
MH_NGP,2024-06,36-60,648,424,29843
MH_NGP,2024-06,60+,108,70,12635
MH_NGP,2024-07,0-17,290,176,30272
MH_NGP,2024-07,18-25,1370,833,21398
MH_NGP,2024-07,26-35,1510,918,26208
MH_NGP,2024-07,36-60,956,581,29843
MH_NGP,2024-07,60+,161,97,12635
MH_NGP,2024-08,0-17,333,189,30272
MH_NGP,2024-08,18-25,1574,894,21398
MH_NGP,2024-08,26-35,1735,985,26208
MH_NGP,2024-08,36-60,1098,623,29843
MH_NGP,2024-08,60+,185,105,12635
MH_NGP,2024-09,0-17,349,180,30272
MH_NGP,2024-09,18-25,1651,851,21398
MH_NGP,2024-09,26-35,1819,938,26208
MH_NGP,2024-09,36-60,1151,593,29843
MH_NGP,2024-09,60+,195,100,12635
MH_NGP,2024-10,0-17,412,281,30272
MH_NGP,2024-10,18-25,1944,1329,21398
MH_NGP,2024-10,26-35,2141,1464,26208
MH_NGP,2024-10,36-60,1355,926,29843
MH_NGP,2024-10,60+,228,155,12635
MH_NGP,2024-11,0-17,387,239,30272
MH_NGP,2024-11,18-25,1830,1134,21398
MH_NGP,2024-11,26-35,2017,1250,26208
MH_NGP,2024-11,36-60,1276,791,29843
MH_NGP,2024-11,60+,215,133,12635
MH_NGP,2024-12,0-17,436,252,30272
MH_NGP,2024-12,18-25,2056,1191,21398
MH_NGP,2024-12,26-35,2267,1313,26208
MH_NGP,2024-12,36-60,1435,831,29843
MH_NGP,2024-12,60+,242,140,12635
MH_NSD,2024-01,0-17,36,15,11460
MH_NSD,2024-01,18-25,176,77,8268
MH_NSD,2024-01,26-35,198,87,10314
MH_NSD,2024-01,36-60,117,51,10985
MH_NSD,2024-01,60+,19,8,4552
MH_NSD,2024-02,0-17,47,20,11460
MH_NSD,2024-02,18-25,228,98,8268
MH_NSD,2024-02,26-35,257,110,10314
MH_NSD,2024-02,36-60,152,65,10985
MH_NSD,2024-02,60+,25,10,4552
MH_NSD,2024-03,0-17,33,11,11460
MH_NSD,2024-03,18-25,160,54,8268
MH_NSD,2024-03,26-35,180,61,10314
MH_NSD,2024-03,36-60,106,36,10985
MH_NSD,2024-03,60+,17,5,4552
MH_NSD,2024-04,0-17,35,12,11460
MH_NSD,2024-04,18-25,168,58,8268
MH_NSD,2024-04,26-35,189,65,10314
MH_NSD,2024-04,36-60,112,38,10985
MH_NSD,2024-04,60+,18,6,4552
MH_NSD,2024-05,0-17,23,7,11460
MH_NSD,2024-05,18-25,112,35,8268
MH_NSD,2024-05,26-35,126,40,10314
MH_NSD,2024-05,36-60,74,23,10985
MH_NSD,2024-05,60+,12,3,4552
MH_NSD,2024-06,0-17,49,17,11460
MH_NSD,2024-06,18-25,240,85,8268
MH_NSD,2024-06,26-35,270,95,10314
MH_NSD,2024-06,36-60,159,56,10985
MH_NSD,2024-06,60+,26,9,4552
MH_NSD,2024-07,0-17,25,8,11460
MH_NSD,2024-07,18-25,124,40,8268
MH_NSD,2024-07,26-35,140,45,10314
MH_NSD,2024-07,36-60,83,27,10985
MH_NSD,2024-07,60+,13,4,4552
MH_NSD,2024-08,0-17,33,13,11460
MH_NSD,2024-08,18-25,162,65,8268
MH_NSD,2024-08,26-35,183,73,10314
MH_NSD,2024-08,36-60,108,43,10985
MH_NSD,2024-08,60+,18,7,4552
MH_NSD,2024-09,0-17,42,15,11460
MH_NSD,2024-09,18-25,204,75,8268
MH_NSD,2024-09,26-35,228,84,10314
MH_NSD,2024-09,36-60,135,49,10985
MH_NSD,2024-09,60+,22,8,4552
MH_NSD,2024-10,0-17,38,11,11460
MH_NSD,2024-10,18-25,184,55,8268
MH_NSD,2024-10,26-35,207,62,10314
MH_NSD,2024-10,36-60,122,36,10985
MH_NSD,2024-10,60+,20,6,4552
MH_NSD,2024-11,0-17,43,21,11460
MH_NSD,2024-11,18-25,208,102,8268
MH_NSD,2024-11,26-35,234,115,10314
MH_NSD,2024-11,36-60,139,68,10985
MH_NSD,2024-11,60+,22,10,4552
MH_NSD,2024-12,0-17,27,13,11460
MH_NSD,2024-12,18-25,134,65,8268
MH_NSD,2024-12,26-35,151,74,10314
MH_NSD,2024-12,36-60,89,43,10985
MH_NSD,2024-12,60+,14,6,4552
MH_PNE,2024-01,0-17,489,365,50073
MH_PNE,2024-01,18-25,2208,1652,33870
MH_PNE,2024-01,26-35,2562,1916,43677
MH_PNE,2024-01,36-60,1655,1238,50758
MH_PNE,2024-01,60+,253,189,19442
MH_PNE,2024-02,0-17,614,476,50073
MH_PNE,2024-02,18-25,2772,2152,33870
MH_PNE,2024-02,26-35,3217,2497,43677
MH_PNE,2024-02,36-60,2077,1612,50758
MH_PNE,2024-02,60+,317,246,19442
MH_PNE,2024-03,0-17,449,375,50073
MH_PNE,2024-03,18-25,2028,1697,33870
MH_PNE,2024-03,26-35,2354,1970,43677
MH_PNE,2024-03,36-60,1520,1272,50758
MH_PNE,2024-03,60+,232,194,19442
MH_PNE,2024-04,0-17,773,595,50073
MH_PNE,2024-04,18-25,3492,2690,33870
MH_PNE,2024-04,26-35,4054,3124,43677
MH_PNE,2024-04,36-60,2617,2016,50758
MH_PNE,2024-04,60+,401,309,19442
MH_PNE,2024-05,0-17,543,477,50073
MH_PNE,2024-05,18-25,2449,2154,33870
MH_PNE,2024-05,26-35,2843,2500,43677
MH_PNE,2024-05,36-60,1836,1614,50758
MH_PNE,2024-05,60+,280,246,19442
MH_PNE,2024-06,0-17,774,587,50073
MH_PNE,2024-06,18-25,3491,2651,33870
MH_PNE,2024-06,26-35,4052,3077,43677
MH_PNE,2024-06,36-60,2616,1987,50758
MH_PNE,2024-06,60+,400,303,19442
MH_PNE,2024-07,0-17,415,295,50073
MH_PNE,2024-07,18-25,1875,1333,33870
MH_PNE,2024-07,26-35,2176,1548,43677
MH_PNE,2024-07,36-60,1406,1000,50758
MH_PNE,2024-07,60+,215,152,19442
MH_PNE,2024-08,0-17,690,529,50073
MH_PNE,2024-08,18-25,3116,2391,33870
MH_PNE,2024-08,26-35,3617,2776,43677
MH_PNE,2024-08,36-60,2335,1792,50758
MH_PNE,2024-08,60+,357,274,19442
MH_PNE,2024-09,0-17,666,557,50073
MH_PNE,2024-09,18-25,3004,2514,33870
MH_PNE,2024-09,26-35,3488,2920,43677
MH_PNE,2024-09,36-60,2252,1885,50758
MH_PNE,2024-09,60+,344,287,19442
MH_PNE,2024-10,0-17,682,544,50073
MH_PNE,2024-10,18-25,3078,2458,33870
MH_PNE,2024-10,26-35,3572,2853,43677
MH_PNE,2024-10,36-60,2306,1842,50758
MH_PNE,2024-10,60+,353,281,19442
MH_PNE,2024-11,0-17,634,485,50073
MH_PNE,2024-11,18-25,2866,2195,33870
MH_PNE,2024-11,26-35,3325,2547,43677
MH_PNE,2024-11,36-60,2147,1645,50758
MH_PNE,2024-11,60+,328,251,19442
MH_PNE,2024-12,0-17,501,380,50073
MH_PNE,2024-12,18-25,2260,1716,33870
MH_PNE,2024-12,26-35,2624,1992,43677
MH_PNE,2024-12,36-60,1694,1286,50758
MH_PNE,2024-12,60+,259,196,19442
RJ_JDH,2024-01,0-17,33,14,11293
RJ_JDH,2024-01,18-25,170,75,8583
RJ_JDH,2024-01,26-35,190,83,10761
RJ_JDH,2024-01,36-60,114,50,11541
RJ_JDH,2024-01,60+,18,7,4796
RJ_JDH,2024-02,0-17,32,11,11293
RJ_JDH,2024-02,18-25,164,61,8583
RJ_JDH,2024-02,26-35,187,69,10761
RJ_JDH,2024-02,36-60,111,41,11541
RJ_JDH,2024-02,60+,18,6,4796
RJ_JDH,2024-03,0-17,50,24,11293
RJ_JDH,2024-03,18-25,254,126,8583
RJ_JDH,2024-03,26-35,286,142,10761
RJ_JDH,2024-03,36-60,171,85,11541
RJ_JDH,2024-03,60+,28,13,4796
RJ_JDH,2024-04,0-17,47,19,11293
RJ_JDH,2024-04,18-25,240,101,8583
RJ_JDH,2024-04,26-35,270,113,10761
RJ_JDH,2024-04,36-60,161,67,11541
RJ_JDH,2024-04,60+,26,10,4796
RJ_JDH,2024-05,0-17,33,10,11293
RJ_JDH,2024-05,18-25,170,55,8583
RJ_JDH,2024-05,26-35,192,62,10761
RJ_JDH,2024-05,36-60,115,37,11541
RJ_JDH,2024-05,60+,18,5,4796
RJ_JDH,2024-06,0-17,18,8,11293
RJ_JDH,2024-06,18-25,94,45,8583
RJ_JDH,2024-06,26-35,104,50,10761
RJ_JDH,2024-06,36-60,63,30,11541
RJ_JDH,2024-06,60+,10,4,4796
RJ_JDH,2024-07,0-17,42,14,11293
RJ_JDH,2024-07,18-25,218,76,8583
RJ_JDH,2024-07,26-35,244,86,10761
RJ_JDH,2024-07,36-60,146,51,11541
RJ_JDH,2024-07,60+,24,8,4796
RJ_JDH,2024-08,0-17,22,10,11293
RJ_JDH,2024-08,18-25,114,53,8583
RJ_JDH,2024-08,26-35,127,59,10761
RJ_JDH,2024-08,36-60,77,36,11541
RJ_JDH,2024-08,60+,12,5,4796
RJ_JDH,2024-09,0-17,36,16,11293
RJ_JDH,2024-09,18-25,186,84,8583
RJ_JDH,2024-09,26-35,210,95,10761
RJ_JDH,2024-09,36-60,125,57,11541
RJ_JDH,2024-09,60+,20,9,4796
RJ_JDH,2024-10,0-17,35,12,11293
RJ_JDH,2024-10,18-25,180,62,8583
RJ_JDH,2024-10,26-35,203,70,10761
RJ_JDH,2024-10,36-60,121,41,11541
RJ_JDH,2024-10,60+,20,6,4796
RJ_JDH,2024-11,0-17,27,9,11293
RJ_JDH,2024-11,18-25,142,50,8583
RJ_JDH,2024-11,26-35,160,57,10761
RJ_JDH,2024-11,36-60,95,34,11541
RJ_JDH,2024-11,60+,15,5,4796
RJ_JDH,2024-12,0-17,26,7,11293
RJ_JDH,2024-12,18-25,134,41,8583
RJ_JDH,2024-12,26-35,151,46,10761
RJ_JDH,2024-12,36-60,90,27,11541
RJ_JDH,2024-12,60+,14,4,4796
RJ_JPR,2024-01,0-17,511,374,44177
RJ_JPR,2024-01,18-25,2407,1763,31156
RJ_JPR,2024-01,26-35,2582,1891,37131
RJ_JPR,2024-01,36-60,1720,1260,44522
RJ_JPR,2024-01,60+,268,196,17377
RJ_JPR,2024-02,0-17,484,341,44177
RJ_JPR,2024-02,18-25,2280,1606,31156
RJ_JPR,2024-02,26-35,2445,1722,37131
RJ_JPR,2024-02,36-60,1629,1147,44522
RJ_JPR,2024-02,60+,253,178,17377
RJ_JPR,2024-03,0-17,351,296,44177
RJ_JPR,2024-03,18-25,1654,1395,31156
RJ_JPR,2024-03,26-35,1773,1495,37131
RJ_JPR,2024-03,36-60,1182,997,44522
RJ_JPR,2024-03,60+,184,155,17377
RJ_JPR,2024-04,0-17,573,502,44177
RJ_JPR,2024-04,18-25,2698,2367,31156
RJ_JPR,2024-04,26-35,2894,2539,37131
RJ_JPR,2024-04,36-60,1928,1691,44522
RJ_JPR,2024-04,60+,300,263,17377
RJ_JPR,2024-05,0-17,410,343,44177
RJ_JPR,2024-05,18-25,1934,1621,31156
RJ_JPR,2024-05,26-35,2074,1738,37131
RJ_JPR,2024-05,36-60,1382,1158,44522
RJ_JPR,2024-05,60+,215,180,17377
RJ_JPR,2024-06,0-17,397,348,44177
RJ_JPR,2024-06,18-25,1870,1643,31156
RJ_JPR,2024-06,26-35,2005,1762,37131
RJ_JPR,2024-06,36-60,1336,1174,44522
RJ_JPR,2024-06,60+,207,181,17377
RJ_JPR,2024-07,0-17,543,431,44177
RJ_JPR,2024-07,18-25,2555,2032,31156
RJ_JPR,2024-07,26-35,2741,2180,37131
RJ_JPR,2024-07,36-60,1826,1452,44522
RJ_JPR,2024-07,60+,284,225,17377
RJ_JPR,2024-08,0-17,584,518,44177
RJ_JPR,2024-08,18-25,2753,2445,31156
RJ_JPR,2024-08,26-35,2953,2622,37131
RJ_JPR,2024-08,36-60,1967,1747,44522
RJ_JPR,2024-08,60+,306,271,17377
RJ_JPR,2024-09,0-17,610,454,44177
RJ_JPR,2024-09,18-25,2868,2138,31156
RJ_JPR,2024-09,26-35,3076,2294,37131
RJ_JPR,2024-09,36-60,2050,1528,44522
RJ_JPR,2024-09,60+,320,238,17377
RJ_JPR,2024-10,0-17,568,423,44177
RJ_JPR,2024-10,18-25,2671,1992,31156
RJ_JPR,2024-10,26-35,2865,2137,37131
RJ_JPR,2024-10,36-60,1909,1424,44522
RJ_JPR,2024-10,60+,297,221,17377
RJ_JPR,2024-11,0-17,483,338,44177
RJ_JPR,2024-11,18-25,2272,1593,31156
RJ_JPR,2024-11,26-35,2437,1708,37131
RJ_JPR,2024-11,36-60,1624,1138,44522
RJ_JPR,2024-11,60+,253,177,17377
RJ_JPR,2024-12,0-17,518,414,44177
RJ_JPR,2024-12,18-25,2439,1950,31156
RJ_JPR,2024-12,26-35,2616,2092,37131
RJ_JPR,2024-12,36-60,1742,1393,44522
RJ_JPR,2024-12,60+,271,216,17377
RJ_UDR,2024-01,0-17,389,202,37215
RJ_UDR,2024-01,18-25,1788,928,25640
RJ_UDR,2024-01,26-35,2017,1047,32126
RJ_UDR,2024-01,36-60,1288,668,36917
RJ_UDR,2024-01,60+,212,110,15244
RJ_UDR,2024-02,0-17,389,225,37215
RJ_UDR,2024-02,18-25,1792,1038,25640
RJ_UDR,2024-02,26-35,2020,1170,32126
RJ_UDR,2024-02,36-60,1290,747,36917
RJ_UDR,2024-02,60+,212,122,15244
RJ_UDR,2024-03,0-17,326,225,37215
RJ_UDR,2024-03,18-25,1500,1036,25640
RJ_UDR,2024-03,26-35,1691,1168,32126
RJ_UDR,2024-03,36-60,1079,745,36917
RJ_UDR,2024-03,60+,178,122,15244
RJ_UDR,2024-04,0-17,413,274,37215
RJ_UDR,2024-04,18-25,1899,1260,25640
RJ_UDR,2024-04,26-35,2141,1420,32126
RJ_UDR,2024-04,36-60,1367,907,36917
RJ_UDR,2024-04,60+,225,149,15244
RJ_UDR,2024-05,0-17,425,237,37215
RJ_UDR,2024-05,18-25,1958,1092,25640
RJ_UDR,2024-05,26-35,2208,1231,32126
RJ_UDR,2024-05,36-60,1409,785,36917
RJ_UDR,2024-05,60+,231,128,15244
RJ_UDR,2024-06,0-17,249,141,37215
RJ_UDR,2024-06,18-25,1147,650,25640
RJ_UDR,2024-06,26-35,1293,733,32126
RJ_UDR,2024-06,36-60,826,468,36917
RJ_UDR,2024-06,60+,135,76,15244
RJ_UDR,2024-07,0-17,211,105,37215
RJ_UDR,2024-07,18-25,976,488,25640
RJ_UDR,2024-07,26-35,1099,549,32126
RJ_UDR,2024-07,36-60,703,351,36917
RJ_UDR,2024-07,60+,115,57,15244
RJ_UDR,2024-08,0-17,327,223,37215
RJ_UDR,2024-08,18-25,1505,1027,25640
RJ_UDR,2024-08,26-35,1697,1158,32126
RJ_UDR,2024-08,36-60,1083,739,36917
RJ_UDR,2024-08,60+,178,121,15244
RJ_UDR,2024-09,0-17,418,225,37215
RJ_UDR,2024-09,18-25,1922,1036,25640
RJ_UDR,2024-09,26-35,2167,1168,32126
RJ_UDR,2024-09,36-60,1384,746,36917
RJ_UDR,2024-09,60+,228,122,15244
RJ_UDR,2024-10,0-17,401,276,37215
RJ_UDR,2024-10,18-25,1850,1275,25640
RJ_UDR,2024-10,26-35,2085,1437,32126
RJ_UDR,2024-10,36-60,1332,918,36917
RJ_UDR,2024-10,60+,219,150,15244
RJ_UDR,2024-11,0-17,524,329,37215
RJ_UDR,2024-11,18-25,2408,1514,25640
RJ_UDR,2024-11,26-35,2716,1707,32126
RJ_UDR,2024-11,36-60,1734,1090,36917
RJ_UDR,2024-11,60+,286,179,15244
RJ_UDR,2024-12,0-17,530,323,37215
RJ_UDR,2024-12,18-25,2433,1487,25640
RJ_UDR,2024-12,26-35,2744,1677,32126
RJ_UDR,2024-12,36-60,1752,1070,36917
RJ_UDR,2024-12,60+,289,176,15244
TN_CBE,2024-01,0-17,189,130,27660
TN_CBE,2024-01,18-25,924,636,20230
TN_CBE,2024-01,26-35,939,646,22849
TN_CBE,2024-01,36-60,642,442,28097
TN_CBE,2024-01,60+,104,71,11457
TN_CBE,2024-02,0-17,252,141,27660
TN_CBE,2024-02,18-25,1231,689,20230
TN_CBE,2024-02,26-35,1251,700,22849
TN_CBE,2024-02,36-60,855,478,28097
TN_CBE,2024-02,60+,139,77,11457
TN_CBE,2024-03,0-17,208,134,27660
TN_CBE,2024-03,18-25,1020,659,20230
TN_CBE,2024-03,26-35,1036,670,22849
TN_CBE,2024-03,36-60,708,457,28097
TN_CBE,2024-03,60+,114,73,11457
TN_CBE,2024-04,0-17,291,197,27660
TN_CBE,2024-04,18-25,1422,963,20230
TN_CBE,2024-04,26-35,1446,979,22849
TN_CBE,2024-04,36-60,988,669,28097
TN_CBE,2024-04,60+,160,108,11457
TN_CBE,2024-05,0-17,279,157,27660
TN_CBE,2024-05,18-25,1364,769,20230
TN_CBE,2024-05,26-35,1387,782,22849
TN_CBE,2024-05,36-60,947,534,28097
TN_CBE,2024-05,60+,154,86,11457
TN_CBE,2024-06,0-17,246,128,27660
TN_CBE,2024-06,18-25,1203,628,20230
TN_CBE,2024-06,26-35,1224,639,22849
TN_CBE,2024-06,36-60,836,437,28097
TN_CBE,2024-06,60+,135,70,11457
TN_CBE,2024-07,0-17,340,200,27660
TN_CBE,2024-07,18-25,1662,978,20230
TN_CBE,2024-07,26-35,1688,993,22849
TN_CBE,2024-07,36-60,1154,679,28097
TN_CBE,2024-07,60+,187,110,11457
TN_CBE,2024-08,0-17,241,124,27660
TN_CBE,2024-08,18-25,1178,610,20230
TN_CBE,2024-08,26-35,1196,619,22849
TN_CBE,2024-08,36-60,817,423,28097
TN_CBE,2024-08,60+,132,68,11457
TN_CBE,2024-09,0-17,253,134,27660
TN_CBE,2024-09,18-25,1238,658,20230
TN_CBE,2024-09,26-35,1260,669,22849
TN_CBE,2024-09,36-60,861,457,28097
TN_CBE,2024-09,60+,139,73,11457
TN_CBE,2024-10,0-17,191,115,27660
TN_CBE,2024-10,18-25,936,567,20230
TN_CBE,2024-10,26-35,951,576,22849
TN_CBE,2024-10,36-60,651,394,28097
TN_CBE,2024-10,60+,105,63,11457
TN_CBE,2024-11,0-17,216,111,27660
TN_CBE,2024-11,18-25,1059,547,20230
TN_CBE,2024-11,26-35,1076,556,22849
TN_CBE,2024-11,36-60,735,379,28097
TN_CBE,2024-11,60+,119,61,11457
TN_CBE,2024-12,0-17,228,116,27660
TN_CBE,2024-12,18-25,1115,571,20230
TN_CBE,2024-12,26-35,1133,581,22849
TN_CBE,2024-12,36-60,775,397,28097
TN_CBE,2024-12,60+,125,64,11457
TN_CHN,2024-01,0-17,449,356,55558
TN_CHN,2024-01,18-25,2098,1663,38923
TN_CHN,2024-01,26-35,2261,1792,46630
TN_CHN,2024-01,36-60,1492,1183,55344
TN_CHN,2024-01,60+,219,173,20360
TN_CHN,2024-02,0-17,653,548,55558
TN_CHN,2024-02,18-25,3055,2566,38923
TN_CHN,2024-02,26-35,3292,2765,46630
TN_CHN,2024-02,36-60,2172,1824,55344
TN_CHN,2024-02,60+,319,267,20360
TN_CHN,2024-03,0-17,567,448,55558
TN_CHN,2024-03,18-25,2652,2099,38923
TN_CHN,2024-03,26-35,2858,2262,46630
TN_CHN,2024-03,36-60,1885,1492,55344
TN_CHN,2024-03,60+,277,219,20360
TN_CHN,2024-04,0-17,729,645,55558
TN_CHN,2024-04,18-25,3412,3021,38923
TN_CHN,2024-04,26-35,3677,3256,46630
TN_CHN,2024-04,36-60,2425,2147,55344
TN_CHN,2024-04,60+,357,316,20360
TN_CHN,2024-05,0-17,889,755,55558
TN_CHN,2024-05,18-25,4161,3535,38923
TN_CHN,2024-05,26-35,4486,3811,46630
TN_CHN,2024-05,36-60,2957,2512,55344
TN_CHN,2024-05,60+,434,368,20360
TN_CHN,2024-06,0-17,514,430,55558
TN_CHN,2024-06,18-25,2406,2014,38923
TN_CHN,2024-06,26-35,2594,2171,46630
TN_CHN,2024-06,36-60,1711,1432,55344
TN_CHN,2024-06,60+,250,209,20360
TN_CHN,2024-07,0-17,549,443,55558
TN_CHN,2024-07,18-25,2568,2073,38923
TN_CHN,2024-07,26-35,2768,2234,46630
TN_CHN,2024-07,36-60,1826,1474,55344
TN_CHN,2024-07,60+,268,216,20360
TN_CHN,2024-08,0-17,586,451,55558
TN_CHN,2024-08,18-25,2742,2112,38923
TN_CHN,2024-08,26-35,2957,2278,46630
TN_CHN,2024-08,36-60,1950,1502,55344
TN_CHN,2024-08,60+,286,220,20360
TN_CHN,2024-09,0-17,447,344,55558
TN_CHN,2024-09,18-25,2090,1610,38923
TN_CHN,2024-09,26-35,2253,1736,46630
TN_CHN,2024-09,36-60,1485,1144,55344
TN_CHN,2024-09,60+,218,168,20360
TN_CHN,2024-10,0-17,627,487,55558
TN_CHN,2024-10,18-25,2931,2277,38923
TN_CHN,2024-10,26-35,3159,2455,46630
TN_CHN,2024-10,36-60,2084,1619,55344
TN_CHN,2024-10,60+,305,237,20360
TN_CHN,2024-11,0-17,569,487,55558
TN_CHN,2024-11,18-25,2661,2282,38923
TN_CHN,2024-11,26-35,2869,2460,46630
TN_CHN,2024-11,36-60,1892,1622,55344
TN_CHN,2024-11,60+,277,237,20360
TN_CHN,2024-12,0-17,667,495,55558
TN_CHN,2024-12,18-25,3121,2320,38923
TN_CHN,2024-12,26-35,3366,2502,46630
TN_CHN,2024-12,36-60,2219,1650,55344
TN_CHN,2024-12,60+,325,241,20360
TN_MDR,2024-01,0-17,39,17,10809
TN_MDR,2024-01,18-25,192,87,7989
TN_MDR,2024-01,26-35,217,99,10038
TN_MDR,2024-01,36-60,137,62,11374
TN_MDR,2024-01,60+,22,10,4562
TN_MDR,2024-02,0-17,27,9,10809
TN_MDR,2024-02,18-25,136,47,7989
TN_MDR,2024-02,26-35,153,53,10038
TN_MDR,2024-02,36-60,97,34,11374
TN_MDR,2024-02,60+,15,5,4562
TN_MDR,2024-03,0-17,44,15,10809
TN_MDR,2024-03,18-25,216,76,7989
TN_MDR,2024-03,26-35,244,86,10038
TN_MDR,2024-03,36-60,155,55,11374
TN_MDR,2024-03,60+,24,8,4562
TN_MDR,2024-04,0-17,31,12,10809
TN_MDR,2024-04,18-25,154,64,7989
TN_MDR,2024-04,26-35,174,72,10038
TN_MDR,2024-04,36-60,110,45,11374
TN_MDR,2024-04,60+,17,7,4562
TN_MDR,2024-05,0-17,31,14,10809
TN_MDR,2024-05,18-25,154,72,7989
TN_MDR,2024-05,26-35,174,81,10038
TN_MDR,2024-05,36-60,111,51,11374
TN_MDR,2024-05,60+,17,7,4562
TN_MDR,2024-06,0-17,30,12,10809
TN_MDR,2024-06,18-25,148,60,7989
TN_MDR,2024-06,26-35,167,68,10038
TN_MDR,2024-06,36-60,105,43,11374
TN_MDR,2024-06,60+,16,6,4562
TN_MDR,2024-07,0-17,27,8,10809
TN_MDR,2024-07,18-25,138,43,7989
TN_MDR,2024-07,26-35,156,49,10038
TN_MDR,2024-07,36-60,98,30,11374
TN_MDR,2024-07,60+,15,4,4562
TN_MDR,2024-08,0-17,37,13,10809
TN_MDR,2024-08,18-25,186,65,7989
TN_MDR,2024-08,26-35,210,73,10038
TN_MDR,2024-08,36-60,133,46,11374
TN_MDR,2024-08,60+,21,7,4562
TN_MDR,2024-09,0-17,44,18,10809
TN_MDR,2024-09,18-25,216,91,7989
TN_MDR,2024-09,26-35,244,103,10038
TN_MDR,2024-09,36-60,155,65,11374
TN_MDR,2024-09,60+,24,10,4562
TN_MDR,2024-10,0-17,35,11,10809
TN_MDR,2024-10,18-25,172,57,7989
TN_MDR,2024-10,26-35,194,64,10038
TN_MDR,2024-10,36-60,123,41,11374
TN_MDR,2024-10,60+,19,6,4562
TN_MDR,2024-11,0-17,47,17,10809
TN_MDR,2024-11,18-25,236,88,7989
TN_MDR,2024-11,26-35,266,100,10038
TN_MDR,2024-11,36-60,168,63,11374
TN_MDR,2024-11,60+,26,9,4562
TN_MDR,2024-12,0-17,43,19,10809
TN_MDR,2024-12,18-25,212,97,7989
TN_MDR,2024-12,26-35,241,110,10038
TN_MDR,2024-12,36-60,152,69,11374
TN_MDR,2024-12,60+,24,11,4562
UP_KNP,2024-01,0-17,191,110,21605
UP_KNP,2024-01,18-25,852,492,14421
UP_KNP,2024-01,26-35,954,551,17936
UP_KNP,2024-01,36-60,640,369,21647
UP_KNP,2024-01,60+,97,56,8244
UP_KNP,2024-02,0-17,154,93,21605
UP_KNP,2024-02,18-25,692,419,14421
UP_KNP,2024-02,26-35,772,467,17936
UP_KNP,2024-02,36-60,519,314,21647
UP_KNP,2024-02,60+,78,47,8244
UP_KNP,2024-03,0-17,131,86,21605
UP_KNP,2024-03,18-25,585,384,14421
UP_KNP,2024-03,26-35,656,430,17936
UP_KNP,2024-03,36-60,440,288,21647
UP_KNP,2024-03,60+,66,43,8244
UP_KNP,2024-04,0-17,194,133,21605
UP_KNP,2024-04,18-25,869,597,14421
UP_KNP,2024-04,26-35,973,668,17936
UP_KNP,2024-04,36-60,652,448,21647
UP_KNP,2024-04,60+,98,67,8244
UP_KNP,2024-05,0-17,247,169,21605
UP_KNP,2024-05,18-25,1102,756,14421
UP_KNP,2024-05,26-35,1235,847,17936
UP_KNP,2024-05,36-60,828,568,21647
UP_KNP,2024-05,60+,126,86,8244
UP_KNP,2024-06,0-17,251,128,21605
UP_KNP,2024-06,18-25,1122,575,14421
UP_KNP,2024-06,26-35,1257,644,17936
UP_KNP,2024-06,36-60,842,431,21647
UP_KNP,2024-06,60+,127,65,8244
UP_KNP,2024-07,0-17,165,114,21605
UP_KNP,2024-07,18-25,742,512,14421
UP_KNP,2024-07,26-35,831,574,17936
UP_KNP,2024-07,36-60,557,384,21647
UP_KNP,2024-07,60+,84,58,8244
UP_KNP,2024-08,0-17,183,112,21605
UP_KNP,2024-08,18-25,819,504,14421
UP_KNP,2024-08,26-35,916,563,17936
UP_KNP,2024-08,36-60,614,377,21647
UP_KNP,2024-08,60+,93,57,8244
UP_KNP,2024-09,0-17,168,101,21605
UP_KNP,2024-09,18-25,749,453,14421
UP_KNP,2024-09,26-35,841,509,17936
UP_KNP,2024-09,36-60,563,340,21647
UP_KNP,2024-09,60+,84,50,8244
UP_KNP,2024-10,0-17,253,160,21605
UP_KNP,2024-10,18-25,1127,712,14421
UP_KNP,2024-10,26-35,1260,797,17936
UP_KNP,2024-10,36-60,845,534,21647
UP_KNP,2024-10,60+,127,80,8244
UP_KNP,2024-11,0-17,181,93,21605
UP_KNP,2024-11,18-25,811,420,14421
UP_KNP,2024-11,26-35,907,470,17936
UP_KNP,2024-11,36-60,608,315,21647
UP_KNP,2024-11,60+,91,47,8244
UP_KNP,2024-12,0-17,231,149,21605
UP_KNP,2024-12,18-25,1029,664,14421
UP_KNP,2024-12,26-35,1153,744,17936
UP_KNP,2024-12,36-60,773,499,21647
UP_KNP,2024-12,60+,117,75,8244
UP_LKO,2024-01,0-17,457,366,45911
UP_LKO,2024-01,18-25,2285,1830,34327
UP_LKO,2024-01,26-35,2562,2052,42795
UP_LKO,2024-01,36-60,1550,1241,46579
UP_LKO,2024-01,60+,243,194,18345
UP_LKO,2024-02,0-17,529,375,45911
UP_LKO,2024-02,18-25,2637,1870,34327
UP_LKO,2024-02,26-35,2959,2098,42795
UP_LKO,2024-02,36-60,1789,1268,46579
UP_LKO,2024-02,60+,281,199,18345
UP_LKO,2024-03,0-17,395,308,45911
UP_LKO,2024-03,18-25,1972,1542,34327
UP_LKO,2024-03,26-35,2212,1729,42795
UP_LKO,2024-03,36-60,1337,1045,46579
UP_LKO,2024-03,60+,210,164,18345
UP_LKO,2024-04,0-17,526,425,45911
UP_LKO,2024-04,18-25,2622,2122,34327
UP_LKO,2024-04,26-35,2942,2381,42795
UP_LKO,2024-04,36-60,1779,1439,46579
UP_LKO,2024-04,60+,279,225,18345
UP_LKO,2024-05,0-17,450,346,45911
UP_LKO,2024-05,18-25,2247,1728,34327
UP_LKO,2024-05,26-35,2523,1940,42795
UP_LKO,2024-05,36-60,1525,1173,46579
UP_LKO,2024-05,60+,240,184,18345
UP_LKO,2024-06,0-17,518,390,45911
UP_LKO,2024-06,18-25,2580,1943,34327
UP_LKO,2024-06,26-35,2896,2181,42795
UP_LKO,2024-06,36-60,1752,1319,46579
UP_LKO,2024-06,60+,275,207,18345
UP_LKO,2024-07,0-17,645,452,45911
UP_LKO,2024-07,18-25,3220,2260,34327
UP_LKO,2024-07,26-35,3614,2537,42795
UP_LKO,2024-07,36-60,2186,1534,46579
UP_LKO,2024-07,60+,343,240,18345
UP_LKO,2024-08,0-17,409,292,45911
UP_LKO,2024-08,18-25,2045,1462,34327
UP_LKO,2024-08,26-35,2296,1642,42795
UP_LKO,2024-08,36-60,1388,992,46579
UP_LKO,2024-08,60+,218,155,18345
UP_LKO,2024-09,0-17,607,500,45911
UP_LKO,2024-09,18-25,3030,2497,34327
UP_LKO,2024-09,26-35,3400,2802,42795
UP_LKO,2024-09,36-60,2056,1694,46579
UP_LKO,2024-09,60+,323,266,18345
UP_LKO,2024-10,0-17,395,287,45911
UP_LKO,2024-10,18-25,1974,1439,34327
UP_LKO,2024-10,26-35,2214,1614,42795
UP_LKO,2024-10,36-60,1339,976,46579
UP_LKO,2024-10,60+,210,153,18345
UP_LKO,2024-11,0-17,506,447,45911
UP_LKO,2024-11,18-25,2528,2237,34327
UP_LKO,2024-11,26-35,2836,2509,42795
UP_LKO,2024-11,36-60,1715,1517,46579
UP_LKO,2024-11,60+,269,238,18345
UP_LKO,2024-12,0-17,509,395,45911
UP_LKO,2024-12,18-25,2539,1973,34327
UP_LKO,2024-12,26-35,2849,2214,42795
UP_LKO,2024-12,36-60,1723,1339,46579
UP_LKO,2024-12,60+,270,209,18345
UP_VNS,2024-01,0-17,49,17,11388
UP_VNS,2024-01,18-25,230,84,7993
UP_VNS,2024-01,26-35,243,89,9410
UP_VNS,2024-01,36-60,151,55,10473
UP_VNS,2024-01,60+,25,9,4498
UP_VNS,2024-02,0-17,21,6,11388
UP_VNS,2024-02,18-25,98,30,7993
UP_VNS,2024-02,26-35,104,32,9410
UP_VNS,2024-02,36-60,64,20,10473
UP_VNS,2024-02,60+,10,3,4498
UP_VNS,2024-03,0-17,18,6,11388
UP_VNS,2024-03,18-25,86,28,7993
UP_VNS,2024-03,26-35,91,30,9410
UP_VNS,2024-03,36-60,57,19,10473
UP_VNS,2024-03,60+,9,3,4498
UP_VNS,2024-04,0-17,49,15,11388
UP_VNS,2024-04,18-25,232,75,7993
UP_VNS,2024-04,26-35,246,80,9410
UP_VNS,2024-04,36-60,152,49,10473
UP_VNS,2024-04,60+,26,8,4498
UP_VNS,2024-05,0-17,49,21,11388
UP_VNS,2024-05,18-25,232,100,7993
UP_VNS,2024-05,26-35,246,106,9410
UP_VNS,2024-05,36-60,152,65,10473
UP_VNS,2024-05,60+,26,11,4498
UP_VNS,2024-06,0-17,35,13,11388
UP_VNS,2024-06,18-25,164,65,7993
UP_VNS,2024-06,26-35,172,68,9410
UP_VNS,2024-06,36-60,107,42,10473
UP_VNS,2024-06,60+,18,7,4498
UP_VNS,2024-07,0-17,20,7,11388
UP_VNS,2024-07,18-25,94,37,7993
UP_VNS,2024-07,26-35,99,39,9410
UP_VNS,2024-07,36-60,61,24,10473
UP_VNS,2024-07,60+,10,3,4498
UP_VNS,2024-08,0-17,46,16,11388
UP_VNS,2024-08,18-25,220,76,7993
UP_VNS,2024-08,26-35,232,80,9410
UP_VNS,2024-08,36-60,144,50,10473
UP_VNS,2024-08,60+,24,8,4498
UP_VNS,2024-09,0-17,28,11,11388
UP_VNS,2024-09,18-25,132,54,7993
UP_VNS,2024-09,26-35,140,57,9410
UP_VNS,2024-09,36-60,87,35,10473
UP_VNS,2024-09,60+,14,5,4498
UP_VNS,2024-10,0-17,22,7,11388
UP_VNS,2024-10,18-25,106,35,7993
UP_VNS,2024-10,26-35,111,36,9410
UP_VNS,2024-10,36-60,69,22,10473
UP_VNS,2024-10,60+,12,3,4498
UP_VNS,2024-11,0-17,33,9,11388
UP_VNS,2024-11,18-25,154,46,7993
UP_VNS,2024-11,26-35,163,49,9410
UP_VNS,2024-11,36-60,101,30,10473
UP_VNS,2024-11,60+,17,5,4498
UP_VNS,2024-12,0-17,39,14,11388
UP_VNS,2024-12,18-25,184,69,7993
UP_VNS,2024-12,26-35,194,73,9410
UP_VNS,2024-12,36-60,121,45,10473
UP_VNS,2024-12,60+,20,7,4498
WB_KOL,2024-01,0-17,636,529,62010
WB_KOL,2024-01,18-25,2963,2468,43273
WB_KOL,2024-01,26-35,3146,2620,51053
WB_KOL,2024-01,36-60,1986,1654,58015
WB_KOL,2024-01,60+,316,263,23086
WB_KOL,2024-02,0-17,779,642,62010
WB_KOL,2024-02,18-25,3625,2990,43273
WB_KOL,2024-02,26-35,3848,3174,51053
WB_KOL,2024-02,36-60,2430,2004,58015
WB_KOL,2024-02,60+,386,318,23086
WB_KOL,2024-03,0-17,801,663,62010
WB_KOL,2024-03,18-25,3726,3084,43273
WB_KOL,2024-03,26-35,3958,3276,51053
WB_KOL,2024-03,36-60,2498,2067,58015
WB_KOL,2024-03,60+,397,328,23086
WB_KOL,2024-04,0-17,718,568,62010
WB_KOL,2024-04,18-25,3341,2643,43273
WB_KOL,2024-04,26-35,3546,2805,51053
WB_KOL,2024-04,36-60,2239,1771,58015
WB_KOL,2024-04,60+,355,280,23086
WB_KOL,2024-05,0-17,977,703,62010
WB_KOL,2024-05,18-25,4552,3279,43273
WB_KOL,2024-05,26-35,4834,3482,51053
WB_KOL,2024-05,36-60,3052,2198,58015
WB_KOL,2024-05,60+,484,348,23086
WB_KOL,2024-06,0-17,825,609,62010
WB_KOL,2024-06,18-25,3843,2837,43273
WB_KOL,2024-06,26-35,4079,3011,51053
WB_KOL,2024-06,36-60,2576,1902,58015
WB_KOL,2024-06,60+,409,302,23086
WB_KOL,2024-07,0-17,709,522,62010
WB_KOL,2024-07,18-25,3305,2437,43273
WB_KOL,2024-07,26-35,3508,2586,51053
WB_KOL,2024-07,36-60,2215,1633,58015
WB_KOL,2024-07,60+,352,259,23086
WB_KOL,2024-08,0-17,741,551,62010
WB_KOL,2024-08,18-25,3450,2566,43273
WB_KOL,2024-08,26-35,3662,2724,51053
WB_KOL,2024-08,36-60,2313,1720,58015
WB_KOL,2024-08,60+,367,273,23086
WB_KOL,2024-09,0-17,704,495,62010
WB_KOL,2024-09,18-25,3276,2306,43273
WB_KOL,2024-09,26-35,3479,2449,51053
WB_KOL,2024-09,36-60,2197,1547,58015
WB_KOL,2024-09,60+,349,245,23086
WB_KOL,2024-10,0-17,684,528,62010
WB_KOL,2024-10,18-25,3182,2459,43273
WB_KOL,2024-10,26-35,3380,2612,51053
WB_KOL,2024-10,36-60,2133,1648,58015
WB_KOL,2024-10,60+,339,261,23086
WB_KOL,2024-11,0-17,655,539,62010
WB_KOL,2024-11,18-25,3052,2513,43273
WB_KOL,2024-11,26-35,3239,2666,51053
WB_KOL,2024-11,36-60,2046,1684,58015
WB_KOL,2024-11,60+,325,267,23086
WB_KOL,2024-12,0-17,699,507,62010
WB_KOL,2024-12,18-25,3254,2363,43273
WB_KOL,2024-12,26-35,3456,2509,51053
WB_KOL,2024-12,36-60,2182,1584,58015
WB_KOL,2024-12,60+,346,251,23086
